{
	"trust_last": {
		"sounds": [
			{
				"name": "trust_last",
				"stream": true
			}
		]
	},
	"entry": {
		"subtitle": "Entry",
		"sounds": [
			"desire_driver/entry"
		]
	},
	"entry_error": {
		"subtitle": "Entry",
		"sounds": [
			"desire_driver/entry_error"
		]
	},
	"desire_driver_standby": {
		"subtitle": "Desire Driver standby",
		"sounds": [
			"standby/desire_driver"
		]
	},
	"desire_driver_standby_monster": {
		"subtitle": "Desire Driver standby",
		"sounds": [
			"standby/desire_driver_monster"
		]
	},
	"desire_driver_standby_beat1": {
		"subtitle": "Beat Buckle standby",
		"sounds": [
			"standby/desire_driver_beat1"
		]
	},
	"desire_driver_standby_beat2": {
		"subtitle": "Beat Buckle standby",
		"sounds": [
			"standby/desire_driver_beat2"
		]
	},
	"desire_driver_standby_beat3": {
		"subtitle": "Beat Buckle standby",
		"sounds": [
			"standby/desire_driver_beat3"
		]
	},
	"desire_driver_standby_fever": {
		"subtitle": "Fever Slot standby",
		"sounds": [
			"standby/desire_driver_fever"
		]
	},
	"desire_driver_standby_command": {
		"subtitle": "Command Twin standby",
		"sounds": [
			"standby/desire_driver_command"
		]
	},
	"desire_driver_standby_builder_warning": {
		"subtitle": "Powered Builder standby",
		"sounds": [
			"standby/desire_driver_builder_warning"
		]
	},
	"desire_driver_standby_builder_creation": {
		"subtitle": "Powered Builder standby",
		"sounds": [
			"standby/desire_driver_builder_creation"
		]
	},
	"desire_driver_standby_laserboost": {
		"subtitle": "LaserBoost standby",
		"sounds": [
			"standby/desire_driver_laserboost"
		]
	},
	"buckle_out": {
		"subtitle": "Raise Buckle removed",
		"sounds": [
			"desire_driver/buckle_out"
		]
	},
	"revolve_on": {
		"subtitle": "Revolve On",
		"sounds": [
			"desire_driver/revolve_on"
		]
	},
	"dual_on": {
		"subtitle": "Dual On",
		"sounds": [
			"desire_driver/dual_on"
		]
	},
	"dual_armed": {
		"sounds": [
			"desire_driver/dual_armed"
		]
	},
	"ready_fight": {
		"subtitle": "Ready? Fight!",
		"sounds": [
			"desire_driver/ready_fight"
		]
	},
	"beat_set": {
		"subtitle": "Beat Buckle set",
		"sounds": [
			"buckle_set/beat"
		]
	},
	"beat_key1": {
		"subtitle": "Beat Buckle key press",
		"sounds": [
			"buckle_set/beat_key1"
		]
	},
	"beat_key2": {
		"subtitle": "Beat Buckle key press",
		"sounds": [
			"buckle_set/beat_key2"
		]
	},
	"beat_key3": {
		"subtitle": "Beat Buckle key press",
		"sounds": [
			"buckle_set/beat_key3"
		]
	},
	"beat": {
		"subtitle": "Beat Form",
		"sounds": [
			"desire_driver/beat"
		]
	},
	"beat_active": {
		"subtitle": "Beat Buckle activated",
		"sounds": [
			"activation/beat"
		]
	},
	"beat_rf": {
		"subtitle": "Ready? Fight!",
		"sounds": [
			"desire_driver/beat_rf"
		]
	},
	"beat_boost": {
		"subtitle": "BeatBoost Form",
		"sounds": [
			"desire_driver/beat_boost"
		]
	},
	"fantasy": {
		"subtitle": "Fantasy Form",
		"sounds": [
			"desire_driver/fantasy"
		]
	},
	"fantasy_active": {
		"subtitle": "Fantasy Buckle activated",
		"sounds": [
			"activation/fantasy"
		]
	},
	"fantasy_rf": {
		"subtitle": "Ready? Fight!",
		"sounds": [
			"desire_driver/fantasy_rf"
		]
	},
	"fantasy_boost": {
		"subtitle": "FantasyBoost Form",
		"sounds": [
			"desire_driver/fantasy_boost"
		]
	},
	"magnum_set": {
		"subtitle": "Magnum Buckle set",
		"sounds": [
			"buckle_set/magnum"
		]
	},
	"magnum": {
		"subtitle": "Magnum Form",
		"sounds": [
			"desire_driver/magnum"
		]
	},
	"magnum_active": {
		"subtitle": "Magnum Buckle activated",
		"sounds": [
			"activation/magnum"
		]
	},
	"magnum_rf": {
		"subtitle": "Ready? Fight!",
		"sounds": [
			"desire_driver/magnum_rf"
		]
	},
	"magnum_boost": {
		"subtitle": "MagnumBoost Form",
		"sounds": [
			"desire_driver/magnum_boost"
		]
	},
	"monster_set": {
		"subtitle": "Monster Buckle set",
		"sounds": [
			"buckle_set/monster"
		]
	},
	"monster": {
		"subtitle": "Monster Form",
		"sounds": [
			"desire_driver/monster"
		]
	},
	"monster_active": {
		"subtitle": "Monster Buckle activated",
		"sounds": [
			"activation/monster"
		]
	},
	"monster_rf": {
		"subtitle": "Ready? Fight!",
		"sounds": [
			"desire_driver/monster_rf"
		]
	},
	"monster_boost": {
		"subtitle": "MonsterBoost Form",
		"sounds": [
			"desire_driver/monster_boost"
		]
	},
	"ninja_set": {
		"subtitle": "Ninja Buckle set",
		"sounds": [
			"buckle_set/ninja"
		]
	},
	"ninja": {
		"subtitle": "Ninja Form",
		"sounds": [
			"desire_driver/ninja"
		]
	},
	"ninja_active": {
		"subtitle": "Ninja Buckle activated",
		"sounds": [
			"activation/ninja"
		]
	},
	"ninja_rf": {
		"subtitle": "Ready? Fight!",
		"sounds": [
			"desire_driver/ninja_rf"
		]
	},
	"ninja_boost": {
		"subtitle": "NinjaBoost Form",
		"sounds": [
			"desire_driver/ninja_boost"
		]
	},
	"zombie_set": {
		"subtitle": "Zombie Buckle set",
		"sounds": [
			"buckle_set/zombie"
		]
	},
	"zombie": {
		"subtitle": "Zombie Form",
		"sounds": [
			"desire_driver/zombie"
		]
	},
	"zombie_active": {
		"subtitle": "Zombie Buckle activated",
		"sounds": [
			"activation/zombie"
		]
	},
	"zombie_rf": {
		"subtitle": "Ready? Fight!",
		"sounds": [
			"desire_driver/zombie_rf"
		]
	},
	"zombie_boost": {
		"subtitle": "ZombieBoost Form",
		"sounds": [
			"desire_driver/zombie_boost"
		]
	},
	"boost_set": {
		"subtitle": "Boost Buckle set",
		"sounds": [
			"buckle_set/boost"
		]
	},
	"boost": {
		"subtitle": "Boost Form",
		"sounds": [
			"desire_driver/boost"
		]
	},
	"boost_active": {
		"subtitle": "Boost Buckle activated",
		"sounds": [
			"activation/boost"
		]
	},
	"boost_rf": {
		"subtitle": "Ready? Fight!",
		"sounds": [
			"desire_driver/boost_rf"
		]
	},
	"boost_markii_set": {
		"subtitle": "Boost MarkII Buckle set",
		"sounds": [
			"buckle_set/boost_markii"
		]
	},
	"boost_markii": {
		"subtitle": "Boost MarkII",
		"sounds": [
			"desire_driver/boost_markii"
		]
	},
	"boost_markii_active": {
		"subtitle": "Boost MarkII Buckle activated",
		"sounds": [
			"activation/boost_markii"
		]
	},
	"unite_grip_set": {
		"subtitle": "Unite Grip set",
		"sounds": [
			"buckle_set/unite_grip"
		]
	},
	"laserboost": {
		"subtitle": "LaserBoost Form",
		"sounds": [
			"desire_driver/laserboost"
		]
	},
	"armed_set": {
		"subtitle": "Armed Buckle set",
		"sounds": [
			"buckle_set/armed"
		]
	},
	"hammer": {
		"subtitle": "Armed Hammer",
		"sounds": [
			"desire_driver/hammer"
		]
	},
	"hammer_active": {
		"subtitle": "Hammer Buckle activated",
		"sounds": [
			"activation/hammer"
		]
	},
	"water": {
		"subtitle": "Armed Water",
		"sounds": [
			"desire_driver/water"
		]
	},
	"water_active": {
		"subtitle": "Water Buckle activated",
		"sounds": [
			"activation/water"
		]
	},
	"arrow": {
		"subtitle": "Armed Arrow",
		"sounds": [
			"desire_driver/arrow"
		]
	},
	"arrow_active": {
		"subtitle": "Arrow Buckle activated",
		"sounds": [
			"activation/arrow"
		]
	},
	"shield": {
		"subtitle": "Armed Shield",
		"sounds": [
			"desire_driver/shield"
		]
	},
	"shield_active": {
		"subtitle": "Shield Buckle activated",
		"sounds": [
			"activation/shield"
		]
	},
	"chain_array": {
		"subtitle": "Armed Chain Array",
		"sounds": [
			"desire_driver/chain_array"
		]
	},
	"chain_array_active": {
		"subtitle": "Chain Array Buckle activated",
		"sounds": [
			"activation/chain_array"
		]
	},
	"claw": {
		"subtitle": "Armed Claw",
		"sounds": [
			"desire_driver/claw"
		]
	},
	"claw_active": {
		"subtitle": "Claw Buckle activated",
		"sounds": [
			"activation/claw"
		]
	},
	"propeller": {
		"subtitle": "Armed Propeller",
		"sounds": [
			"desire_driver/propeller"
		]
	},
	"propeller_active": {
		"subtitle": "Propeller Buckle activated",
		"sounds": [
			"activation/propeller"
		]
	},
	"drill": {
		"subtitle": "Armed Drill",
		"sounds": [
			"desire_driver/drill"
		]
	},
	"drill_active": {
		"subtitle": "Drill Buckle activated",
		"sounds": [
			"activation/drill"
		]
	},
	"fever_set": {
		"subtitle": "Fever Slot set",
		"sounds": [
			"buckle_set/fever"
		]
	},
	"fever_active": {
		"subtitle": "Fever Slot spins",
		"sounds": [
			"activation/fever"
		]
	},
	"fever_beat": {
		"subtitle": "Fever Beat",
		"sounds": [
			"desire_driver/fever_beat"
		]
	},
	"fever_magnum": {
		"subtitle": "Fever Magnum",
		"sounds": [
			"desire_driver/fever_magnum"
		]
	},
	"fever_monster": {
		"subtitle": "Fever Monster",
		"sounds": [
			"desire_driver/fever_monster"
		]
	},
	"fever_ninja": {
		"subtitle": "Fever Ninja",
		"sounds": [
			"desire_driver/fever_ninja"
		]
	},
	"fever_zombie": {
		"subtitle": "Fever Zombie",
		"sounds": [
			"desire_driver/fever_zombie"
		]
	},
	"golden_fever": {
		"subtitle": "Golden Fever",
		"sounds": [
			"desire_driver/golden_fever"
		]
	},
	"command_jet": {
		"subtitle": "Command Jet Buckle activated",
		"sounds": [
			"activation/command_jet"
		]
	},
	"great": {
		"subtitle": "Raising Form",
		"sounds": [
			"desire_driver/great"
		]
	},
	"twin_set": {
		"subtitle": "Twin Set",
		"sounds": [
			"buckle_set/command_twin"
		]
	},
	"command_cannon": {
		"subtitle": "Command Twin takes off",
		"sounds": [
			"activation/command_cannon"
		]
	},
	"command": {
		"subtitle": "Command Form",
		"sounds": [
			"desire_driver/command"
		]
	},
	"builder_warning": {
		"subtitle": "Set Warning.",
		"sounds": [
			"buckle_set/builder_warning"
		]
	},
	"builder_creation": {
		"subtitle": "Set Creation.",
		"sounds": [
			"buckle_set/builder_creation"
		]
	},
	"builder_active": {
		"subtitle": "Powered Builder Buckle activated",
		"sounds": [
			"activation/builder"
		]
	},
	"builder": {
		"subtitle": "Powered Builder",
		"sounds": [
			"desire_driver/builder"
		]
	},
	"builder_rf": {
		"subtitle": "Ready? Fight!",
		"sounds": [
			"desire_driver/builder_rf"
		]
	},
	"gigant_sword": {
		"subtitle": "Gigant Sword!",
		"sounds": [
			"desire_driver/gigant_sword"
		]
	},
	"gigant_blaster": {
		"subtitle": "Gigant Blaster!",
		"sounds": [
			"desire_driver/gigant_blaster"
		]
	},
	"gigant_hammer": {
		"subtitle": "Gigant Hammer!",
		"sounds": [
			"desire_driver/gigant_hammer"
		]
	},
	"gigant_shooter": {
		"subtitle": "Gigant Shooter!",
		"sounds": [
			"desire_driver/gigant_shooter"
		]
	},
	"gigant_dueler": {
		"subtitle": "Gigant Dueler!",
		"sounds": [
			"desire_driver/gigant_dueler"
		]
	},
	"gigant_breaker": {
		"subtitle": "Gigant Breaker!",
		"sounds": [
			"desire_driver/gigant_breaker"
		]
	},
	"builder_seeker": {
		"subtitle": "Powered Builder",
		"sounds": [
			"desire_driver/builder_seeker"
		]
	},
	"jyamato_active": {
		"subtitle": "Jyamato Buckle inserted",
		"sounds": [
			"activation/jyamato"
		]
	},
	"jyamato": {
		"subtitle": "Jyamato!",
		"sounds": [
			"desire_driver/jyamato"
		]
	},
	"glare_login": {
		"subtitle": "Glare login",
		"sounds": [
			"vision_driver/glare_login"
		]
	},
	"glare_standby": {
		"subtitle": "Vision Driver standby",
		"sounds": [
			"standby/glare"
		]
	},
	"glare": {
		"subtitle": "Glare transform",
		"sounds": [
			"vision_driver/glare"
		]
	},
	"gazer_login": {
		"subtitle": "Gazer login",
		"sounds": [
			"vision_driver/gazer_login"
		]
	},
	"gazer_standby": {
		"subtitle": "Vision Driver standby",
		"sounds": [
			"standby/gazer"
		]
	},
	"gazer": {
		"subtitle": "Gazer transform",
		"sounds": [
			"vision_driver/gazer"
		]
	},
	"glare2_login": {
		"subtitle": "Glare2 login",
		"sounds": [
			"vision_driver/glare2_login"
		]
	},
	"glare2_standby": {
		"subtitle": "Vision Driver standby",
		"sounds": [
			"standby/glare2"
		]
	},
	"glare2": {
		"subtitle": "Glare2 transform",
		"sounds": [
			"vision_driver/glare2"
		]
	},
	"hacking_on": {
		"subtitle": "Hacking On",
		"sounds": [
			"vision_driver/hacking_on"
		]
	},
	"lrr_start": {
		"subtitle": "Laser Raise Riser start",
		"sounds": [
			"standby/laser_raise_riser_start"
		]
	},
	"lrr_standby": {
		"subtitle": "Laser Raise Riser standby",
		"sounds": [
			"standby/laser_raise_riser"
		]
	},
	"laser_on": {
		"subtitle": "Laser On",
		"sounds": [
			"laser_raise_riser/laser_on"
		]
	},
	"ziin_set": {
		"subtitle": "Ziin Set",
		"sounds": [
			"laser_raise_riser/ziin_set"
		]
	},
	"ziin": {
		"subtitle": "Ziin transform",
		"sounds": [
			"laser_raise_riser/ziin"
		]
	},
	"kekera_set": {
		"subtitle": "Kekera Set",
		"sounds": [
			"laser_raise_riser/kekera_set"
		]
	},
	"kekera": {
		"subtitle": "Kekera transform",
		"sounds": [
			"laser_raise_riser/kekera"
		]
	},
	"kyuun_set": {
		"subtitle": "Kyuun Set",
		"sounds": [
			"laser_raise_riser/kyuun_set"
		]
	},
	"kyuun": {
		"subtitle": "Kyuun transform",
		"sounds": [
			"laser_raise_riser/kyuun"
		]
	},
	"beroba_set": {
		"subtitle": "Beroba Set",
		"sounds": [
			"laser_raise_riser/beroba_set"
		]
	},
	"beroba": {
		"subtitle": "Beroba transform",
		"sounds": [
			"laser_raise_riser/beroba"
		]
	},
	"ichigo_set": {
		"subtitle": "Ichigo Buckle set",
		"sounds": [
			"buckle_set/typhoon"
		]
	},
	"v3_set": {
		"subtitle": "V3 Buckle set",
		"sounds": [
			"buckle_set/double_typhoon"
		]
	},
	"black_set": {
		"subtitle": "Black Buckle set",
		"sounds": [
			"buckle_set/kingstone"
		]
	},
	"kuuga_set": {
		"subtitle": "Kuuga Buckle set",
		"sounds": [
			"buckle_set/arcle"
		]
	},
	"agito_set": {
		"subtitle": "Agito Buckle set",
		"sounds": [
			"buckle_set/altering"
		]
	},
	"ryuki_set": {
		"subtitle": "Ryuki Buckle set",
		"sounds": [
			"buckle_set/v_buckle"
		]
	},
	"faiz_set": {
		"subtitle": "Faiz Buckle set",
		"sounds": [
			"buckle_set/faiz_driver"
		]
	},
	"blade_set": {
		"subtitle": "Blade Buckle set",
		"sounds": [
			"buckle_set/blay_buckle"
		]
	},
	"hibiki_set": {
		"subtitle": "Hibiki Buckle set",
		"sounds": [
			"buckle_set/ongekiko_kaentsuzumi"
		]
	},
	"kabuto_set": {
		"subtitle": "Kabuto Buckle set",
		"sounds": [
			"buckle_set/kabuto_zecter"
		]
	},
	"den-o_set": {
		"subtitle": "Den-O Buckle set",
		"sounds": [
			"buckle_set/den-o_belt"
		]
	},
	"kiva_set": {
		"subtitle": "Kiva Buckle set",
		"sounds": [
			"buckle_set/kivat_belt"
		]
	},
	"decade_set": {
		"subtitle": "Decade Buckle set",
		"sounds": [
			"buckle_set/decadriver"
		]
	},
	"double_set": {
		"subtitle": "Double Buckle set",
		"sounds": [
			"buckle_set/doubledriver"
		]
	},
	"ooo_set": {
		"subtitle": "OOO Buckle set",
		"sounds": [
			"buckle_set/ooo_driver"
		]
	},
	"fourze_set": {
		"subtitle": "Fourze Buckle set",
		"sounds": [
			"buckle_set/fourze_driver"
		]
	},
	"wizard_set": {
		"subtitle": "Wizard Buckle set",
		"sounds": [
			"buckle_set/wizardriver"
		]
	},
	"gaim_set": {
		"subtitle": "Gaim Buckle set",
		"sounds": [
			"buckle_set/sengoku_driver"
		]
	},
	"drive_set": {
		"subtitle": "Drive Buckle set",
		"sounds": [
			"buckle_set/drive_driver"
		]
	},
	"ghost_set": {
		"subtitle": "Ghost Buckle set",
		"sounds": [
			"buckle_set/ghost_driver"
		]
	},
	"ex-aid_set": {
		"subtitle": "Ex-Aid Buckle set",
		"sounds": [
			"buckle_set/gamer_driver"
		]
	},
	"build_set": {
		"subtitle": "Build Buckle set",
		"sounds": [
			"buckle_set/build_driver"
		]
	},
	"zi-o_set": {
		"subtitle": "Zi-O Buckle set",
		"sounds": [
			"buckle_set/ziku-driver"
		]
	},
	"zero-one_set": {
		"subtitle": "Zero-One Buckle set",
		"sounds": [
			"buckle_set/zero-one_driver"
		]
	},
	"saber_set": {
		"subtitle": "Saber Buckle set",
		"sounds": [
			"buckle_set/seiken_swordriver"
		]
	},
	"revice_set": {
		"subtitle": "Revice Buckle set",
		"sounds": [
			"buckle_set/revice_driver"
		]
	},
	"live_set": {
		"subtitle": "Live Buckle set",
		"sounds": [
			"buckle_set/two_sidriver"
		]
	},
	"jeanne_set": {
		"subtitle": "Jeanne Buckle set",
		"sounds": [
			"buckle_set/libera_driver"
		]
	},
	"demons_set": {
		"subtitle": "Demons Buckle set",
		"sounds": [
			"buckle_set/demons_driver"
		]
	},
	"ichigo_buckle": {
		"subtitle": "Ichigo Form",
		"sounds": [
			"desire_driver/ichigo"
		]
	},
	"v3_buckle": {
		"subtitle": "V3 Form",
		"sounds": [
			"desire_driver/v3"
		]
	},
	"black_buckle": {
		"subtitle": "Black Form",
		"sounds": [
			"desire_driver/black"
		]
	},
	"kuuga_buckle": {
		"subtitle": "Kuuga Form",
		"sounds": [
			"desire_driver/kuuga"
		]
	},
	"agito_buckle": {
		"subtitle": "Agito Form",
		"sounds": [
			"desire_driver/agito"
		]
	},
	"ryuki_buckle": {
		"subtitle": "Ryuki Form",
		"sounds": [
			"desire_driver/ryuki"
		]
	},
	"faiz_buckle": {
		"subtitle": "Faiz Form",
		"sounds": [
			"desire_driver/faiz"
		]
	},
	"blade_buckle": {
		"subtitle": "Blade Form",
		"sounds": [
			"desire_driver/blade"
		]
	},
	"hibiki_buckle": {
		"subtitle": "Hibiki Form",
		"sounds": [
			"desire_driver/hibiki"
		]
	},
	"kabuto_buckle": {
		"subtitle": "Kabuto Form",
		"sounds": [
			"desire_driver/kabuto"
		]
	},
	"den-o_buckle": {
		"subtitle": "Den-O Form",
		"sounds": [
			"desire_driver/den-o"
		]
	},
	"kiva_buckle": {
		"subtitle": "Kiva Form",
		"sounds": [
			"desire_driver/kiva"
		]
	},
	"decade_buckle": {
		"subtitle": "Decade Form",
		"sounds": [
			"desire_driver/decade"
		]
	},
	"double_buckle": {
		"subtitle": "Double Form",
		"sounds": [
			"desire_driver/double"
		]
	},
	"ooo_buckle": {
		"subtitle": "OOO Form",
		"sounds": [
			"desire_driver/ooo"
		]
	},
	"fourze_buckle": {
		"subtitle": "Fourze Form",
		"sounds": [
			"desire_driver/fourze"
		]
	},
	"wizard_buckle": {
		"subtitle": "Wizard Form",
		"sounds": [
			"desire_driver/wizard"
		]
	},
	"gaim_buckle": {
		"subtitle": "Gaim Form",
		"sounds": [
			"desire_driver/gaim"
		]
	},
	"drive_buckle": {
		"subtitle": "Drive Form",
		"sounds": [
			"desire_driver/drive"
		]
	},
	"ghost_buckle": {
		"subtitle": "Ghost Form",
		"sounds": [
			"desire_driver/ghost"
		]
	},
	"ex-aid_buckle": {
		"subtitle": "Ex-Aid Form",
		"sounds": [
			"desire_driver/ex-aid"
		]
	},
	"build_buckle": {
		"subtitle": "Build Form",
		"sounds": [
			"desire_driver/build"
		]
	},
	"zi-o_buckle": {
		"subtitle": "Zi-O Form",
		"sounds": [
			"desire_driver/zi-o"
		]
	},
	"zero-one_buckle": {
		"subtitle": "Zero-One Form",
		"sounds": [
			"desire_driver/zero-one"
		]
	},
	"saber_buckle": {
		"subtitle": "Saber Form",
		"sounds": [
			"desire_driver/saber"
		]
	},
	"revice_buckle": {
		"subtitle": "Revice Form",
		"sounds": [
			"desire_driver/revice"
		]
	},
	"live_buckle": {
		"subtitle": "Live Form",
		"sounds": [
			"desire_driver/live"
		]
	},
	"jeanne_buckle": {
		"subtitle": "Jeanne Form",
		"sounds": [
			"desire_driver/jeanne"
		]
	},
	"demons_buckle": {
		"subtitle": "Demons Form",
		"sounds": [
			"desire_driver/demons"
		]
	},
	"magnum_shooter": {
		"subtitle": "Magnum Shooter fired",
		"sounds": [
			"weapons/magnum_shooter"
		]
	},
	"magnum_shooter_rifle": {
		"subtitle": "Magnum Shooter fired",
		"sounds": [
			"weapons/magnum_shooter_rifle"
		]
	},
	"zombie_breaker": {
		"subtitle": "Zombie Breaker cuts",
		"sounds": [
			"weapons/zombie_breaker"
		]
	},
	"ninja_dueler": {
		"subtitle": "Ninja Dueler slashes",
		"sounds": [
			"weapons/ninja_dueler"
		]
	},
	"ninja_dueler_twin": {
		"subtitle": "Ninja Dueler slashes",
		"sounds": [
			"weapons/ninja_dueler_twin"
		]
	},
	"beat_axe": {
		"subtitle": "Beat Axe chops",
		"sounds": [
			"weapons/beat_axe"
		]
	},
	"raising_sword": {
		"subtitle": "Raising Sword slashes",
		"sounds": [
			"weapons/raising_sword"
		]
	},
	"laser_raise_riser": {
		"subtitle": "Laser Raise Riser fired",
		"sounds": [
			"weapons/laser_raise_riser"
		]
	}
}
